-- phpMyAdmin SQL Dump
-- version 3.5.2.2
-- http://www.phpmyadmin.net
--
-- Host: 127.0.0.1
-- Generation Time: Nov 27, 2013 at 07:22 PM
-- Server version: 5.5.27
-- PHP Version: 5.4.7

SET SQL_MODE="NO_AUTO_VALUE_ON_ZERO";
SET time_zone = "+00:00";


/*!40101 SET @OLD_CHARACTER_SET_CLIENT=@@CHARACTER_SET_CLIENT */;
/*!40101 SET @OLD_CHARACTER_SET_RESULTS=@@CHARACTER_SET_RESULTS */;
/*!40101 SET @OLD_COLLATION_CONNECTION=@@COLLATION_CONNECTION */;
/*!40101 SET NAMES utf8 */;

--
-- Database: `frexesc`
--

-- --------------------------------------------------------

--
-- Table structure for table `barang`
--

CREATE TABLE IF NOT EXISTS `barang` (
  `id` int(11) NOT NULL AUTO_INCREMENT,
  `id_kategori` int(11) NOT NULL,
  `nama_barang` varchar(100) NOT NULL,
  `gambar` varchar(100) NOT NULL,
  `harga_barang` int(11) NOT NULL,
  `keterangan` text NOT NULL,
  `jumlah_barang` int(11) NOT NULL,
  PRIMARY KEY (`id`)
) ENGINE=InnoDB  DEFAULT CHARSET=latin1 AUTO_INCREMENT=73 ;

--
-- Dumping data for table `barang`
--

INSERT INTO `barang` (`id`, `id_kategori`, `nama_barang`, `gambar`, `harga_barang`, `keterangan`, `jumlah_barang`) VALUES
(1, 1, 'Valentine Red Dress', '1.jpg', 530000, 'Lorem ipsum dolor sit amet, consectetur adipiscing elit. Praesent elit lorem, scelerisque sed sapien non, vestibulum venenatis nisi. Nullam in arcu eleifend nunc volutpat venenatis a sed massa. Nullam eget congue eros. Donec tincidunt dui arcu. Aliquam erat volutpat.<br/>Vivamus ullamcorper massa facilisis orci sodales imperdiet. Suspendisse aliquet sodales eros, sit amet tincidunt eros pulvinar et. Etiam id nibh enim. Nullam turpis enim, lacinia a dictum vitae, posuere non risus. Maecenas interdum augue eget nisl consectetur, in rhoncus ligula eleifend.<br/>Nullam non ligula consequat, consequat dolor et, vulputate nisl. Nunc varius mollis enim, euismod posuere quam malesuada at. ', 1),
(2, 1, 'Black Lace Cocktail Dress', '2.jpg', 550000, 'Lorem ipsum dolor sit amet, consectetur adipiscing elit. Praesent elit lorem, scelerisque sed sapien non, vestibulum venenatis nisi. Nullam in arcu eleifend nunc volutpat venenatis a sed massa. Nullam eget congue eros. Donec tincidunt dui arcu. Aliquam erat volutpat.<br/>Vivamus ullamcorper massa facilisis orci sodales imperdiet. Suspendisse aliquet sodales eros, sit amet tincidunt eros pulvinar et. Etiam id nibh enim. Nullam turpis enim, lacinia a dictum vitae, posuere non risus. Maecenas interdum augue eget nisl consectetur, in rhoncus ligula eleifend.<br/>Nullam non ligula consequat, consequat dolor et, vulputate nisl. Nunc varius mollis enim, euismod posuere quam malesuada at. ', 3),
(3, 1, 'Black Strapless Dress ', '3.jpg', 420000, 'Lorem ipsum dolor sit amet, consectetur adipiscing elit. Praesent elit lorem, scelerisque sed sapien non, vestibulum venenatis nisi. Nullam in arcu eleifend nunc volutpat venenatis a sed massa. Nullam eget congue eros. Donec tincidunt dui arcu. Aliquam erat volutpat.<br/>Vivamus ullamcorper massa facilisis orci sodales imperdiet. Suspendisse aliquet sodales eros, sit amet tincidunt eros pulvinar et. Etiam id nibh enim. Nullam turpis enim, lacinia a dictum vitae, posuere non risus. Maecenas interdum augue eget nisl consectetur, in rhoncus ligula eleifend.<br/>Nullam non ligula consequat, consequat dolor et, vulputate nisl. Nunc varius mollis enim, euismod posuere quam malesuada at. ', 1),
(4, 1, 'Red Velvet Mini Dress', '4.jpg', 600000, 'Lorem ipsum dolor sit amet, consectetur adipiscing elit. Praesent elit lorem, scelerisque sed sapien non, vestibulum venenatis nisi. Nullam in arcu eleifend nunc volutpat venenatis a sed massa. Nullam eget congue eros. Donec tincidunt dui arcu. Aliquam erat volutpat.<br/>Vivamus ullamcorper massa facilisis orci sodales imperdiet. Suspendisse aliquet sodales eros, sit amet tincidunt eros pulvinar et. Etiam id nibh enim. Nullam turpis enim, lacinia a dictum vitae, posuere non risus. Maecenas interdum augue eget nisl consectetur, in rhoncus ligula eleifend.<br/>Nullam non ligula consequat, consequat dolor et, vulputate nisl. Nunc varius mollis enim, euismod posuere quam malesuada at. ', 2),
(5, 1, 'Black Dotted Dress', '5.jpg', 380000, 'Lorem ipsum dolor sit amet, consectetur adipiscing elit. Praesent elit lorem, scelerisque sed sapien non, vestibulum venenatis nisi. Nullam in arcu eleifend nunc volutpat venenatis a sed massa. Nullam eget congue eros. Donec tincidunt dui arcu. Aliquam erat volutpat.<br/>Vivamus ullamcorper massa facilisis orci sodales imperdiet. Suspendisse aliquet sodales eros, sit amet tincidunt eros pulvinar et. Etiam id nibh enim. Nullam turpis enim, lacinia a dictum vitae, posuere non risus. Maecenas interdum augue eget nisl consectetur, in rhoncus ligula eleifend.<br/>Nullam non ligula consequat, consequat dolor et, vulputate nisl. Nunc varius mollis enim, euismod posuere quam malesuada at. ', 6),
(6, 1, 'Slim Suit Dress', '6.jpg', 350000, 'Lorem ipsum dolor sit amet, consectetur adipiscing elit. Praesent elit lorem, scelerisque sed sapien non, vestibulum venenatis nisi. Nullam in arcu eleifend nunc volutpat venenatis a sed massa. Nullam eget congue eros. Donec tincidunt dui arcu. Aliquam erat volutpat.<br/>Vivamus ullamcorper massa facilisis orci sodales imperdiet. Suspendisse aliquet sodales eros, sit amet tincidunt eros pulvinar et. Etiam id nibh enim. Nullam turpis enim, lacinia a dictum vitae, posuere non risus. Maecenas interdum augue eget nisl consectetur, in rhoncus ligula eleifend.<br/>Nullam non ligula consequat, consequat dolor et, vulputate nisl. Nunc varius mollis enim, euismod posuere quam malesuada at. ', 10),
(7, 1, 'Valentino Grey Dress', '7.jpg', 420000, 'Lorem ipsum dolor sit amet, consectetur adipiscing elit. Praesent elit lorem, scelerisque sed sapien non, vestibulum venenatis nisi. Nullam in arcu eleifend nunc volutpat venenatis a sed massa. Nullam eget congue eros. Donec tincidunt dui arcu. Aliquam erat volutpat.<br/>Vivamus ullamcorper massa facilisis orci sodales imperdiet. Suspendisse aliquet sodales eros, sit amet tincidunt eros pulvinar et. Etiam id nibh enim. Nullam turpis enim, lacinia a dictum vitae, posuere non risus. Maecenas interdum augue eget nisl consectetur, in rhoncus ligula eleifend.<br/>Nullam non ligula consequat, consequat dolor et, vulputate nisl. Nunc varius mollis enim, euismod posuere quam malesuada at. ', 12),
(8, 1, 'St. Gabrielle Red Party D', '8.jpg', 890000, 'Lorem ipsum dolor sit amet, consectetur adipiscing elit. Praesent elit lorem, scelerisque sed sapien non, vestibulum venenatis nisi. Nullam in arcu eleifend nunc volutpat venenatis a sed massa. Nullam eget congue eros. Donec tincidunt dui arcu. Aliquam erat volutpat.<br/>Vivamus ullamcorper massa facilisis orci sodales imperdiet. Suspendisse aliquet sodales eros, sit amet tincidunt eros pulvinar et. Etiam id nibh enim. Nullam turpis enim, lacinia a dictum vitae, posuere non risus. Maecenas interdum augue eget nisl consectetur, in rhoncus ligula eleifend.<br/>Nullam non ligula consequat, consequat dolor et, vulputate nisl. Nunc varius mollis enim, euismod posuere quam malesuada at. ', 10),
(9, 1, 'Fringe Black Mini Dress', '9.jpg', 560000, 'Lorem ipsum dolor sit amet, consectetur adipiscing elit. Praesent elit lorem, scelerisque sed sapien non, vestibulum venenatis nisi. Nullam in arcu eleifend nunc volutpat venenatis a sed massa. Nullam eget congue eros. Donec tincidunt dui arcu. Aliquam erat volutpat.<br/>Vivamus ullamcorper massa facilisis orci sodales imperdiet. Suspendisse aliquet sodales eros, sit amet tincidunt eros pulvinar et. Etiam id nibh enim. Nullam turpis enim, lacinia a dictum vitae, posuere non risus. Maecenas interdum augue eget nisl consectetur, in rhoncus ligula eleifend.<br/>Nullam non ligula consequat, consequat dolor et, vulputate nisl. Nunc varius mollis enim, euismod posuere quam malesuada at. ', 8),
(10, 1, 'Gold Shiny Sequined Dress', '10.gif', 480000, 'Lorem ipsum dolor sit amet, consectetur adipiscing elit. Praesent elit lorem, scelerisque sed sapien non, vestibulum venenatis nisi. Nullam in arcu eleifend nunc volutpat venenatis a sed massa. Nullam eget congue eros. Donec tincidunt dui arcu. Aliquam erat volutpat.<br/>Vivamus ullamcorper massa facilisis orci sodales imperdiet. Suspendisse aliquet sodales eros, sit amet tincidunt eros pulvinar et. Etiam id nibh enim. Nullam turpis enim, lacinia a dictum vitae, posuere non risus. Maecenas interdum augue eget nisl consectetur, in rhoncus ligula eleifend.<br/>Nullam non ligula consequat, consequat dolor et, vulputate nisl. Nunc varius mollis enim, euismod posuere quam malesuada at. ', 12),
(11, 1, 'Silver Shiny Sequined Dre', '11.jpg', 480000, 'Lorem ipsum dolor sit amet, consectetur adipiscing elit. Praesent elit lorem, scelerisque sed sapien non, vestibulum venenatis nisi. Nullam in arcu eleifend nunc volutpat venenatis a sed massa. Nullam eget congue eros. Donec tincidunt dui arcu. Aliquam erat volutpat.<br/>Vivamus ullamcorper massa facilisis orci sodales imperdiet. Suspendisse aliquet sodales eros, sit amet tincidunt eros pulvinar et. Etiam id nibh enim. Nullam turpis enim, lacinia a dictum vitae, posuere non risus. Maecenas interdum augue eget nisl consectetur, in rhoncus ligula eleifend.<br/>Nullam non ligula consequat, consequat dolor et, vulputate nisl. Nunc varius mollis enim, euismod posuere quam malesuada at. ', 13),
(12, 1, 'Short V-Neck Black Dress ', '12.jpg', 520000, 'Lorem ipsum dolor sit amet, consectetur adipiscing elit. Praesent elit lorem, scelerisque sed sapien non, vestibulum venenatis nisi. Nullam in arcu eleifend nunc volutpat venenatis a sed massa. Nullam eget congue eros. Donec tincidunt dui arcu. Aliquam erat volutpat.<br/>Vivamus ullamcorper massa facilisis orci sodales imperdiet. Suspendisse aliquet sodales eros, sit amet tincidunt eros pulvinar et. Etiam id nibh enim. Nullam turpis enim, lacinia a dictum vitae, posuere non risus. Maecenas interdum augue eget nisl consectetur, in rhoncus ligula eleifend.<br/>Nullam non ligula consequat, consequat dolor et, vulputate nisl. Nunc varius mollis enim, euismod posuere quam malesuada at. ', 14),
(13, 1, 'Fitted Short Sleeveless D', '13.jpg', 430000, 'Lorem ipsum dolor sit amet, consectetur adipiscing elit. Praesent elit lorem, scelerisque sed sapien non, vestibulum venenatis nisi. Nullam in arcu eleifend nunc volutpat venenatis a sed massa. Nullam eget congue eros. Donec tincidunt dui arcu. Aliquam erat volutpat.<br/>Vivamus ullamcorper massa facilisis orci sodales imperdiet. Suspendisse aliquet sodales eros, sit amet tincidunt eros pulvinar et. Etiam id nibh enim. Nullam turpis enim, lacinia a dictum vitae, posuere non risus. Maecenas interdum augue eget nisl consectetur, in rhoncus ligula eleifend.<br/>Nullam non ligula consequat, consequat dolor et, vulputate nisl. Nunc varius mollis enim, euismod posuere quam malesuada at. ', 11),
(14, 1, 'Short V-Neck Black Dress ', '14.jpg', 350000, 'Lorem ipsum dolor sit amet, consectetur adipiscing elit. Praesent elit lorem, scelerisque sed sapien non, vestibulum venenatis nisi. Nullam in arcu eleifend nunc volutpat venenatis a sed massa. Nullam eget congue eros. Donec tincidunt dui arcu. Aliquam erat volutpat.<br/>Vivamus ullamcorper massa facilisis orci sodales imperdiet. Suspendisse aliquet sodales eros, sit amet tincidunt eros pulvinar et. Etiam id nibh enim. Nullam turpis enim, lacinia a dictum vitae, posuere non risus. Maecenas interdum augue eget nisl consectetur, in rhoncus ligula eleifend.<br/>Nullam non ligula consequat, consequat dolor et, vulputate nisl. Nunc varius mollis enim, euismod posuere quam malesuada at. ', 3),
(16, 2, 'Stefania Red Heels', '16.jpg', 500000, 'Lorem ipsum dolor sit amet, consectetur adipiscing elit. Praesent elit lorem, scelerisque sed sapien non, vestibulum venenatis nisi. Nullam in arcu eleifend nunc volutpat venenatis a sed massa. Nullam eget congue eros. Donec tincidunt dui arcu. Aliquam erat volutpat.<br/>Vivamus ullamcorper massa facilisis orci sodales imperdiet. Suspendisse aliquet sodales eros, sit amet tincidunt eros pulvinar et. Etiam id nibh enim. Nullam turpis enim, lacinia a dictum vitae, posuere non risus. Maecenas interdum augue eget nisl consectetur, in rhoncus ligula eleifend.<br/>Nullam non ligula consequat, consequat dolor et, vulputate nisl. Nunc varius mollis enim, euismod posuere quam malesuada at. ', 42),
(17, 2, 'Valentia Black Heels', '17.jpg', 470000, 'Lorem ipsum dolor sit amet, consectetur adipiscing elit. Praesent elit lorem, scelerisque sed sapien non, vestibulum venenatis nisi. Nullam in arcu eleifend nunc volutpat venenatis a sed massa. Nullam eget congue eros. Donec tincidunt dui arcu. Aliquam erat volutpat.<br/>Vivamus ullamcorper massa facilisis orci sodales imperdiet. Suspendisse aliquet sodales eros, sit amet tincidunt eros pulvinar et. Etiam id nibh enim. Nullam turpis enim, lacinia a dictum vitae, posuere non risus. Maecenas interdum augue eget nisl consectetur, in rhoncus ligula eleifend.<br/>Nullam non ligula consequat, consequat dolor et, vulputate nisl. Nunc varius mollis enim, euismod posuere quam malesuada at. ', 8),
(18, 2, 'Chaterine Purple Wedges', '18.jpg', 650000, 'Lorem ipsum dolor sit amet, consectetur adipiscing elit. Praesent elit lorem, scelerisque sed sapien non, vestibulum venenatis nisi. Nullam in arcu eleifend nunc volutpat venenatis a sed massa. Nullam eget congue eros. Donec tincidunt dui arcu. Aliquam erat volutpat.<br/>Vivamus ullamcorper massa facilisis orci sodales imperdiet. Suspendisse aliquet sodales eros, sit amet tincidunt eros pulvinar et. Etiam id nibh enim. Nullam turpis enim, lacinia a dictum vitae, posuere non risus. Maecenas interdum augue eget nisl consectetur, in rhoncus ligula eleifend.<br/>Nullam non ligula consequat, consequat dolor et, vulputate nisl. Nunc varius mollis enim, euismod posuere quam malesuada at. ', 16),
(19, 2, 'Monica Purple Heels', '19.jpg', 550000, 'Lorem ipsum dolor sit amet, consectetur adipiscing elit. Praesent elit lorem, scelerisque sed sapien non, vestibulum venenatis nisi. Nullam in arcu eleifend nunc volutpat venenatis a sed massa. Nullam eget congue eros. Donec tincidunt dui arcu. Aliquam erat volutpat.<br/>Vivamus ullamcorper massa facilisis orci sodales imperdiet. Suspendisse aliquet sodales eros, sit amet tincidunt eros pulvinar et. Etiam id nibh enim. Nullam turpis enim, lacinia a dictum vitae, posuere non risus. Maecenas interdum augue eget nisl consectetur, in rhoncus ligula eleifend.<br/>Nullam non ligula consequat, consequat dolor et, vulputate nisl. Nunc varius mollis enim, euismod posuere quam malesuada at. ', 49),
(20, 2, 'White Cristal Heels', '20.jpg', 700000, 'Lorem ipsum dolor sit amet, consectetur adipiscing elit. Praesent elit lorem, scelerisque sed sapien non, vestibulum venenatis nisi. Nullam in arcu eleifend nunc volutpat venenatis a sed massa. Nullam eget congue eros. Donec tincidunt dui arcu. Aliquam erat volutpat.<br/>Vivamus ullamcorper massa facilisis orci sodales imperdiet. Suspendisse aliquet sodales eros, sit amet tincidunt eros pulvinar et. Etiam id nibh enim. Nullam turpis enim, lacinia a dictum vitae, posuere non risus. Maecenas interdum augue eget nisl consectetur, in rhoncus ligula eleifend.<br/>Nullam non ligula consequat, consequat dolor et, vulputate nisl. Nunc varius mollis enim, euismod posuere quam malesuada at. ', 2),
(21, 2, 'White Vine Heels', '21.jpg', 500000, 'Lorem ipsum dolor sit amet, consectetur adipiscing elit. Praesent elit lorem, scelerisque sed sapien non, vestibulum venenatis nisi. Nullam in arcu eleifend nunc volutpat venenatis a sed massa. Nullam eget congue eros. Donec tincidunt dui arcu. Aliquam erat volutpat.<br/>Vivamus ullamcorper massa facilisis orci sodales imperdiet. Suspendisse aliquet sodales eros, sit amet tincidunt eros pulvinar et. Etiam id nibh enim. Nullam turpis enim, lacinia a dictum vitae, posuere non risus. Maecenas interdum augue eget nisl consectetur, in rhoncus ligula eleifend.<br/>Nullam non ligula consequat, consequat dolor et, vulputate nisl. Nunc varius mollis enim, euismod posuere quam malesuada at. ', 12),
(22, 2, 'Olivia Heels', '22.jpg', 480000, 'Lorem ipsum dolor sit amet, consectetur adipiscing elit. Praesent elit lorem, scelerisque sed sapien non, vestibulum venenatis nisi. Nullam in arcu eleifend nunc volutpat venenatis a sed massa. Nullam eget congue eros. Donec tincidunt dui arcu. Aliquam erat volutpat.<br/>Vivamus ullamcorper massa facilisis orci sodales imperdiet. Suspendisse aliquet sodales eros, sit amet tincidunt eros pulvinar et. Etiam id nibh enim. Nullam turpis enim, lacinia a dictum vitae, posuere non risus. Maecenas interdum augue eget nisl consectetur, in rhoncus ligula eleifend.<br/>Nullam non ligula consequat, consequat dolor et, vulputate nisl. Nunc varius mollis enim, euismod posuere quam malesuada at. ', 35),
(23, 2, 'Amelia Heels', '23.jpg', 420000, 'Lorem ipsum dolor sit amet, consectetur adipiscing elit. Praesent elit lorem, scelerisque sed sapien non, vestibulum venenatis nisi. Nullam in arcu eleifend nunc volutpat venenatis a sed massa. Nullam eget congue eros. Donec tincidunt dui arcu. Aliquam erat volutpat.<br/>Vivamus ullamcorper massa facilisis orci sodales imperdiet. Suspendisse aliquet sodales eros, sit amet tincidunt eros pulvinar et. Etiam id nibh enim. Nullam turpis enim, lacinia a dictum vitae, posuere non risus. Maecenas interdum augue eget nisl consectetur, in rhoncus ligula eleifend.<br/>Nullam non ligula consequat, consequat dolor et, vulputate nisl. Nunc varius mollis enim, euismod posuere quam malesuada at. ', 48),
(24, 2, 'Elvin Dark Heels', '24.jpg', 380000, 'Lorem ipsum dolor sit amet, consectetur adipiscing elit. Praesent elit lorem, scelerisque sed sapien non, vestibulum venenatis nisi. Nullam in arcu eleifend nunc volutpat venenatis a sed massa. Nullam eget congue eros. Donec tincidunt dui arcu. Aliquam erat volutpat.<br/>Vivamus ullamcorper massa facilisis orci sodales imperdiet. Suspendisse aliquet sodales eros, sit amet tincidunt eros pulvinar et. Etiam id nibh enim. Nullam turpis enim, lacinia a dictum vitae, posuere non risus. Maecenas interdum augue eget nisl consectetur, in rhoncus ligula eleifend.<br/>Nullam non ligula consequat, consequat dolor et, vulputate nisl. Nunc varius mollis enim, euismod posuere quam malesuada at. ', 32),
(25, 2, 'Nicole Kidman Heels', '25.jpg', 430000, 'Lorem ipsum dolor sit amet, consectetur adipiscing elit. Praesent elit lorem, scelerisque sed sapien non, vestibulum venenatis nisi. Nullam in arcu eleifend nunc volutpat venenatis a sed massa. Nullam eget congue eros. Donec tincidunt dui arcu. Aliquam erat volutpat.<br/>Vivamus ullamcorper massa facilisis orci sodales imperdiet. Suspendisse aliquet sodales eros, sit amet tincidunt eros pulvinar et. Etiam id nibh enim. Nullam turpis enim, lacinia a dictum vitae, posuere non risus. Maecenas interdum augue eget nisl consectetur, in rhoncus ligula eleifend.<br/>Nullam non ligula consequat, consequat dolor et, vulputate nisl. Nunc varius mollis enim, euismod posuere quam malesuada at. ', 48),
(26, 2, 'Sara Jay Heels', '26.jpg', 360000, 'Lorem ipsum dolor sit amet, consectetur adipiscing elit. Praesent elit lorem, scelerisque sed sapien non, vestibulum venenatis nisi. Nullam in arcu eleifend nunc volutpat venenatis a sed massa. Nullam eget congue eros. Donec tincidunt dui arcu. Aliquam erat volutpat.<br/>Vivamus ullamcorper massa facilisis orci sodales imperdiet. Suspendisse aliquet sodales eros, sit amet tincidunt eros pulvinar et. Etiam id nibh enim. Nullam turpis enim, lacinia a dictum vitae, posuere non risus. Maecenas interdum augue eget nisl consectetur, in rhoncus ligula eleifend.<br/>Nullam non ligula consequat, consequat dolor et, vulputate nisl. Nunc varius mollis enim, euismod posuere quam malesuada at. ', 42),
(27, 2, 'Charina Orange Heels', '27.png', 400000, 'Lorem ipsum dolor sit amet, consectetur adipiscing elit. Praesent elit lorem, scelerisque sed sapien non, vestibulum venenatis nisi. Nullam in arcu eleifend nunc volutpat venenatis a sed massa. Nullam eget congue eros. Donec tincidunt dui arcu. Aliquam erat volutpat.<br/>Vivamus ullamcorper massa facilisis orci sodales imperdiet. Suspendisse aliquet sodales eros, sit amet tincidunt eros pulvinar et. Etiam id nibh enim. Nullam turpis enim, lacinia a dictum vitae, posuere non risus. Maecenas interdum augue eget nisl consectetur, in rhoncus ligula eleifend.<br/>Nullam non ligula consequat, consequat dolor et, vulputate nisl. Nunc varius mollis enim, euismod posuere quam malesuada at. ', 47),
(28, 2, 'Francisca Cream Heels', '28.jpg', 450000, 'Lorem ipsum dolor sit amet, consectetur adipiscing elit. Praesent elit lorem, scelerisque sed sapien non, vestibulum venenatis nisi. Nullam in arcu eleifend nunc volutpat venenatis a sed massa. Nullam eget congue eros. Donec tincidunt dui arcu. Aliquam erat volutpat.<br/>Vivamus ullamcorper massa facilisis orci sodales imperdiet. Suspendisse aliquet sodales eros, sit amet tincidunt eros pulvinar et. Etiam id nibh enim. Nullam turpis enim, lacinia a dictum vitae, posuere non risus. Maecenas interdum augue eget nisl consectetur, in rhoncus ligula eleifend.<br/>Nullam non ligula consequat, consequat dolor et, vulputate nisl. Nunc varius mollis enim, euismod posuere quam malesuada at. ', 28),
(29, 2, 'Cambodia Pink Heels', '29.jpg', 550000, 'Lorem ipsum dolor sit amet, consectetur adipiscing elit. Praesent elit lorem, scelerisque sed sapien non, vestibulum venenatis nisi. Nullam in arcu eleifend nunc volutpat venenatis a sed massa. Nullam eget congue eros. Donec tincidunt dui arcu. Aliquam erat volutpat.<br/>Vivamus ullamcorper massa facilisis orci sodales imperdiet. Suspendisse aliquet sodales eros, sit amet tincidunt eros pulvinar et. Etiam id nibh enim. Nullam turpis enim, lacinia a dictum vitae, posuere non risus. Maecenas interdum augue eget nisl consectetur, in rhoncus ligula eleifend.<br/>Nullam non ligula consequat, consequat dolor et, vulputate nisl. Nunc varius mollis enim, euismod posuere quam malesuada at. ', 25),
(30, 2, 'Mrs. Smith Heels', '30.jpg', 440000, 'Lorem ipsum dolor sit amet, consectetur adipiscing elit. Praesent elit lorem, scelerisque sed sapien non, vestibulum venenatis nisi. Nullam in arcu eleifend nunc volutpat venenatis a sed massa. Nullam eget congue eros. Donec tincidunt dui arcu. Aliquam erat volutpat.<br/>Vivamus ullamcorper massa facilisis orci sodales imperdiet. Suspendisse aliquet sodales eros, sit amet tincidunt eros pulvinar et. Etiam id nibh enim. Nullam turpis enim, lacinia a dictum vitae, posuere non risus. Maecenas interdum augue eget nisl consectetur, in rhoncus ligula eleifend.<br/>Nullam non ligula consequat, consequat dolor et, vulputate nisl. Nunc varius mollis enim, euismod posuere quam malesuada at. ', 18),
(31, 3, 'White Stripped  Shirt', '31.jpg', 450000, 'Lorem ipsum dolor sit amet, consectetur adipiscing elit. Praesent elit lorem, scelerisque sed sapien non, vestibulum venenatis nisi. Nullam in arcu eleifend nunc volutpat venenatis a sed massa. Nullam eget congue eros. Donec tincidunt dui arcu. Aliquam erat volutpat.<br/>Vivamus ullamcorper massa facilisis orci sodales imperdiet. Suspendisse aliquet sodales eros, sit amet tincidunt eros pulvinar et. Etiam id nibh enim. Nullam turpis enim, lacinia a dictum vitae, posuere non risus. Maecenas interdum augue eget nisl consectetur, in rhoncus ligula eleifend.<br/>Nullam non ligula consequat, consequat dolor et, vulputate nisl. Nunc varius mollis enim, euismod posuere quam malesuada at. ', 12),
(32, 3, 'Soft Blue  Shirt', '32.jpg', 450000, 'Lorem ipsum dolor sit amet, consectetur adipiscing elit. Praesent elit lorem, scelerisque sed sapien non, vestibulum venenatis nisi. Nullam in arcu eleifend nunc volutpat venenatis a sed massa. Nullam eget congue eros. Donec tincidunt dui arcu. Aliquam erat volutpat.<br/>Vivamus ullamcorper massa facilisis orci sodales imperdiet. Suspendisse aliquet sodales eros, sit amet tincidunt eros pulvinar et. Etiam id nibh enim. Nullam turpis enim, lacinia a dictum vitae, posuere non risus. Maecenas interdum augue eget nisl consectetur, in rhoncus ligula eleifend.<br/>Nullam non ligula consequat, consequat dolor et, vulputate nisl. Nunc varius mollis enim, euismod posuere quam malesuada at. ', 47),
(33, 3, 'Denim  Shirt', '33.jpg', 600000, 'Lorem ipsum dolor sit amet, consectetur adipiscing elit. Praesent elit lorem, scelerisque sed sapien non, vestibulum venenatis nisi. Nullam in arcu eleifend nunc volutpat venenatis a sed massa. Nullam eget congue eros. Donec tincidunt dui arcu. Aliquam erat volutpat.<br/>Vivamus ullamcorper massa facilisis orci sodales imperdiet. Suspendisse aliquet sodales eros, sit amet tincidunt eros pulvinar et. Etiam id nibh enim. Nullam turpis enim, lacinia a dictum vitae, posuere non risus. Maecenas interdum augue eget nisl consectetur, in rhoncus ligula eleifend.<br/>Nullam non ligula consequat, consequat dolor et, vulputate nisl. Nunc varius mollis enim, euismod posuere quam malesuada at. ', 40),
(34, 3, 'Brown  Shirt', '34.jpg', 450000, 'Lorem ipsum dolor sit amet, consectetur adipiscing elit. Praesent elit lorem, scelerisque sed sapien non, vestibulum venenatis nisi. Nullam in arcu eleifend nunc volutpat venenatis a sed massa. Nullam eget congue eros. Donec tincidunt dui arcu. Aliquam erat volutpat.<br/>Vivamus ullamcorper massa facilisis orci sodales imperdiet. Suspendisse aliquet sodales eros, sit amet tincidunt eros pulvinar et. Etiam id nibh enim. Nullam turpis enim, lacinia a dictum vitae, posuere non risus. Maecenas interdum augue eget nisl consectetur, in rhoncus ligula eleifend.<br/>Nullam non ligula consequat, consequat dolor et, vulputate nisl. Nunc varius mollis enim, euismod posuere quam malesuada at. ', 20),
(35, 3, 'Basic Blue  Shirt', '35.jpg', 300000, 'Lorem ipsum dolor sit amet, consectetur adipiscing elit. Praesent elit lorem, scelerisque sed sapien non, vestibulum venenatis nisi. Nullam in arcu eleifend nunc volutpat venenatis a sed massa. Nullam eget congue eros. Donec tincidunt dui arcu. Aliquam erat volutpat.<br/>Vivamus ullamcorper massa facilisis orci sodales imperdiet. Suspendisse aliquet sodales eros, sit amet tincidunt eros pulvinar et. Etiam id nibh enim. Nullam turpis enim, lacinia a dictum vitae, posuere non risus. Maecenas interdum augue eget nisl consectetur, in rhoncus ligula eleifend.<br/>Nullam non ligula consequat, consequat dolor et, vulputate nisl. Nunc varius mollis enim, euismod posuere quam malesuada at. ', 15),
(36, 3, 'St. Michael Black Shirt', '36.jpg', 600000, 'Lorem ipsum dolor sit amet, consectetur adipiscing elit. Praesent elit lorem, scelerisque sed sapien non, vestibulum venenatis nisi. Nullam in arcu eleifend nunc volutpat venenatis a sed massa. Nullam eget congue eros. Donec tincidunt dui arcu. Aliquam erat volutpat.<br/>Vivamus ullamcorper massa facilisis orci sodales imperdiet. Suspendisse aliquet sodales eros, sit amet tincidunt eros pulvinar et. Etiam id nibh enim. Nullam turpis enim, lacinia a dictum vitae, posuere non risus. Maecenas interdum augue eget nisl consectetur, in rhoncus ligula eleifend.<br/>Nullam non ligula consequat, consequat dolor et, vulputate nisl. Nunc varius mollis enim, euismod posuere quam malesuada at. ', 25),
(37, 3, 'Basic White Shirt', '37.jpg', 300000, 'Lorem ipsum dolor sit amet, consectetur adipiscing elit. Praesent elit lorem, scelerisque sed sapien non, vestibulum venenatis nisi. Nullam in arcu eleifend nunc volutpat venenatis a sed massa. Nullam eget congue eros. Donec tincidunt dui arcu. Aliquam erat volutpat.<br/>Vivamus ullamcorper massa facilisis orci sodales imperdiet. Suspendisse aliquet sodales eros, sit amet tincidunt eros pulvinar et. Etiam id nibh enim. Nullam turpis enim, lacinia a dictum vitae, posuere non risus. Maecenas interdum augue eget nisl consectetur, in rhoncus ligula eleifend.<br/>Nullam non ligula consequat, consequat dolor et, vulputate nisl. Nunc varius mollis enim, euismod posuere quam malesuada at. ', 32),
(38, 3, 'Oriental Modern  Shirt', '38.jpg', 450000, 'Lorem ipsum dolor sit amet, consectetur adipiscing elit. Praesent elit lorem, scelerisque sed sapien non, vestibulum venenatis nisi. Nullam in arcu eleifend nunc volutpat venenatis a sed massa. Nullam eget congue eros. Donec tincidunt dui arcu. Aliquam erat volutpat.<br/>Vivamus ullamcorper massa facilisis orci sodales imperdiet. Suspendisse aliquet sodales eros, sit amet tincidunt eros pulvinar et. Etiam id nibh enim. Nullam turpis enim, lacinia a dictum vitae, posuere non risus. Maecenas interdum augue eget nisl consectetur, in rhoncus ligula eleifend.<br/>Nullam non ligula consequat, consequat dolor et, vulputate nisl. Nunc varius mollis enim, euismod posuere quam malesuada at. ', 29),
(39, 3, 'Blue Stripped Shirt', '39.jpg', 450000, 'Lorem ipsum dolor sit amet, consectetur adipiscing elit. Praesent elit lorem, scelerisque sed sapien non, vestibulum venenatis nisi. Nullam in arcu eleifend nunc volutpat venenatis a sed massa. Nullam eget congue eros. Donec tincidunt dui arcu. Aliquam erat volutpat.<br/>Vivamus ullamcorper massa facilisis orci sodales imperdiet. Suspendisse aliquet sodales eros, sit amet tincidunt eros pulvinar et. Etiam id nibh enim. Nullam turpis enim, lacinia a dictum vitae, posuere non risus. Maecenas interdum augue eget nisl consectetur, in rhoncus ligula eleifend.<br/>Nullam non ligula consequat, consequat dolor et, vulputate nisl. Nunc varius mollis enim, euismod posuere quam malesuada at. ', 48),
(40, 3, 'Purple Stripped Shirt', '40.jpg', 450000, 'Lorem ipsum dolor sit amet, consectetur adipiscing elit. Praesent elit lorem, scelerisque sed sapien non, vestibulum venenatis nisi. Nullam in arcu eleifend nunc volutpat venenatis a sed massa. Nullam eget congue eros. Donec tincidunt dui arcu. Aliquam erat volutpat.<br/>Vivamus ullamcorper massa facilisis orci sodales imperdiet. Suspendisse aliquet sodales eros, sit amet tincidunt eros pulvinar et. Etiam id nibh enim. Nullam turpis enim, lacinia a dictum vitae, posuere non risus. Maecenas interdum augue eget nisl consectetur, in rhoncus ligula eleifend.<br/>Nullam non ligula consequat, consequat dolor et, vulputate nisl. Nunc varius mollis enim, euismod posuere quam malesuada at. ', 27),
(41, 3, 'Black Squared Shirt', '41.jpg', 500000, 'Lorem ipsum dolor sit amet, consectetur adipiscing elit. Praesent elit lorem, scelerisque sed sapien non, vestibulum venenatis nisi. Nullam in arcu eleifend nunc volutpat venenatis a sed massa. Nullam eget congue eros. Donec tincidunt dui arcu. Aliquam erat volutpat.<br/>Vivamus ullamcorper massa facilisis orci sodales imperdiet. Suspendisse aliquet sodales eros, sit amet tincidunt eros pulvinar et. Etiam id nibh enim. Nullam turpis enim, lacinia a dictum vitae, posuere non risus. Maecenas interdum augue eget nisl consectetur, in rhoncus ligula eleifend.<br/>Nullam non ligula consequat, consequat dolor et, vulputate nisl. Nunc varius mollis enim, euismod posuere quam malesuada at. ', 48),
(42, 3, 'Half Stripped Red Shirt', '42.jpg', 500000, 'Lorem ipsum dolor sit amet, consectetur adipiscing elit. Praesent elit lorem, scelerisque sed sapien non, vestibulum venenatis nisi. Nullam in arcu eleifend nunc volutpat venenatis a sed massa. Nullam eget congue eros. Donec tincidunt dui arcu. Aliquam erat volutpat.<br/>Vivamus ullamcorper massa facilisis orci sodales imperdiet. Suspendisse aliquet sodales eros, sit amet tincidunt eros pulvinar et. Etiam id nibh enim. Nullam turpis enim, lacinia a dictum vitae, posuere non risus. Maecenas interdum augue eget nisl consectetur, in rhoncus ligula eleifend.<br/>Nullam non ligula consequat, consequat dolor et, vulputate nisl. Nunc varius mollis enim, euismod posuere quam malesuada at. ', 48),
(43, 3, 'Basic Black  Shirt', '43.jpg', 300000, 'Lorem ipsum dolor sit amet, consectetur adipiscing elit. Praesent elit lorem, scelerisque sed sapien non, vestibulum venenatis nisi. Nullam in arcu eleifend nunc volutpat venenatis a sed massa. Nullam eget congue eros. Donec tincidunt dui arcu. Aliquam erat volutpat.<br/>Vivamus ullamcorper massa facilisis orci sodales imperdiet. Suspendisse aliquet sodales eros, sit amet tincidunt eros pulvinar et. Etiam id nibh enim. Nullam turpis enim, lacinia a dictum vitae, posuere non risus. Maecenas interdum augue eget nisl consectetur, in rhoncus ligula eleifend.<br/>Nullam non ligula consequat, consequat dolor et, vulputate nisl. Nunc varius mollis enim, euismod posuere quam malesuada at. ', 30),
(44, 3, 'Basic Red  Shirt', '44.jpg', 300000, 'Lorem ipsum dolor sit amet, consectetur adipiscing elit. Praesent elit lorem, scelerisque sed sapien non, vestibulum venenatis nisi. Nullam in arcu eleifend nunc volutpat venenatis a sed massa. Nullam eget congue eros. Donec tincidunt dui arcu. Aliquam erat volutpat.<br/>Vivamus ullamcorper massa facilisis orci sodales imperdiet. Suspendisse aliquet sodales eros, sit amet tincidunt eros pulvinar et. Etiam id nibh enim. Nullam turpis enim, lacinia a dictum vitae, posuere non risus. Maecenas interdum augue eget nisl consectetur, in rhoncus ligula eleifend.<br/>Nullam non ligula consequat, consequat dolor et, vulputate nisl. Nunc varius mollis enim, euismod posuere quam malesuada at. ', 58),
(45, 3, 'Small Squared Shirt', '45.jpeg', 450000, 'Lorem ipsum dolor sit amet, consectetur adipiscing elit. Praesent elit lorem, scelerisque sed sapien non, vestibulum venenatis nisi. Nullam in arcu eleifend nunc volutpat venenatis a sed massa. Nullam eget congue eros. Donec tincidunt dui arcu. Aliquam erat volutpat.<br/>Vivamus ullamcorper massa facilisis orci sodales imperdiet. Suspendisse aliquet sodales eros, sit amet tincidunt eros pulvinar et. Etiam id nibh enim. Nullam turpis enim, lacinia a dictum vitae, posuere non risus. Maecenas interdum augue eget nisl consectetur, in rhoncus ligula eleifend.<br/>Nullam non ligula consequat, consequat dolor et, vulputate nisl. Nunc varius mollis enim, euismod posuere quam malesuada at. ', 10),
(46, 4, 'Bally Brown', '46.jpg', 450000, 'Lorem ipsum dolor sit amet, consectetur adipiscing elit. Praesent elit lorem, scelerisque sed sapien non, vestibulum venenatis nisi. Nullam in arcu eleifend nunc volutpat venenatis a sed massa. Nullam eget congue eros. Donec tincidunt dui arcu. Aliquam erat volutpat.<br/>Vivamus ullamcorper massa facilisis orci sodales imperdiet. Suspendisse aliquet sodales eros, sit amet tincidunt eros pulvinar et. Etiam id nibh enim. Nullam turpis enim, lacinia a dictum vitae, posuere non risus. Maecenas interdum augue eget nisl consectetur, in rhoncus ligula eleifend.<br/>Nullam non ligula consequat, consequat dolor et, vulputate nisl. Nunc varius mollis enim, euismod posuere quam malesuada at. ', 7),
(47, 4, 'Agnes Fall Winter', '47.jpg', 470000, 'Lorem ipsum dolor sit amet, consectetur adipiscing elit. Praesent elit lorem, scelerisque sed sapien non, vestibulum venenatis nisi. Nullam in arcu eleifend nunc volutpat venenatis a sed massa. Nullam eget congue eros. Donec tincidunt dui arcu. Aliquam erat volutpat.<br/>Vivamus ullamcorper massa facilisis orci sodales imperdiet. Suspendisse aliquet sodales eros, sit amet tincidunt eros pulvinar et. Etiam id nibh enim. Nullam turpis enim, lacinia a dictum vitae, posuere non risus. Maecenas interdum augue eget nisl consectetur, in rhoncus ligula eleifend.<br/>Nullam non ligula consequat, consequat dolor et, vulputate nisl. Nunc varius mollis enim, euismod posuere quam malesuada at. ', 2),
(48, 4, 'Bally Brown ', '48.jpg', 450000, 'Lorem ipsum dolor sit amet, consectetur adipiscing elit. Praesent elit lorem, scelerisque sed sapien non, vestibulum venenatis nisi. Nullam in arcu eleifend nunc volutpat venenatis a sed massa. Nullam eget congue eros. Donec tincidunt dui arcu. Aliquam erat volutpat.<br/>Vivamus ullamcorper massa facilisis orci sodales imperdiet. Suspendisse aliquet sodales eros, sit amet tincidunt eros pulvinar et. Etiam id nibh enim. Nullam turpis enim, lacinia a dictum vitae, posuere non risus. Maecenas interdum augue eget nisl consectetur, in rhoncus ligula eleifend.<br/>Nullam non ligula consequat, consequat dolor et, vulputate nisl. Nunc varius mollis enim, euismod posuere quam malesuada at. ', 5),
(49, 4, 'Cornelis Black', '49.jpg', 550000, 'Lorem ipsum dolor sit amet, consectetur adipiscing elit. Praesent elit lorem, scelerisque sed sapien non, vestibulum venenatis nisi. Nullam in arcu eleifend nunc volutpat venenatis a sed massa. Nullam eget congue eros. Donec tincidunt dui arcu. Aliquam erat volutpat.<br/>Vivamus ullamcorper massa facilisis orci sodales imperdiet. Suspendisse aliquet sodales eros, sit amet tincidunt eros pulvinar et. Etiam id nibh enim. Nullam turpis enim, lacinia a dictum vitae, posuere non risus. Maecenas interdum augue eget nisl consectetur, in rhoncus ligula eleifend.<br/>Nullam non ligula consequat, consequat dolor et, vulputate nisl. Nunc varius mollis enim, euismod posuere quam malesuada at. ', 14),
(50, 4, 'Cerase Paciotti White', '50.jpg', 550000, 'Lorem ipsum dolor sit amet, consectetur adipiscing elit. Praesent elit lorem, scelerisque sed sapien non, vestibulum venenatis nisi. Nullam in arcu eleifend nunc volutpat venenatis a sed massa. Nullam eget congue eros. Donec tincidunt dui arcu. Aliquam erat volutpat.<br/>Vivamus ullamcorper massa facilisis orci sodales imperdiet. Suspendisse aliquet sodales eros, sit amet tincidunt eros pulvinar et. Etiam id nibh enim. Nullam turpis enim, lacinia a dictum vitae, posuere non risus. Maecenas interdum augue eget nisl consectetur, in rhoncus ligula eleifend.<br/>Nullam non ligula consequat, consequat dolor et, vulputate nisl. Nunc varius mollis enim, euismod posuere quam malesuada at. ', 20),
(51, 4, 'Leisure Black-Red', '51.jpg', 760000, 'Lorem ipsum dolor sit amet, consectetur adipiscing elit. Praesent elit lorem, scelerisque sed sapien non, vestibulum venenatis nisi. Nullam in arcu eleifend nunc volutpat venenatis a sed massa. Nullam eget congue eros. Donec tincidunt dui arcu. Aliquam erat volutpat.<br/>Vivamus ullamcorper massa facilisis orci sodales imperdiet. Suspendisse aliquet sodales eros, sit amet tincidunt eros pulvinar et. Etiam id nibh enim. Nullam turpis enim, lacinia a dictum vitae, posuere non risus. Maecenas interdum augue eget nisl consectetur, in rhoncus ligula eleifend.<br/>Nullam non ligula consequat, consequat dolor et, vulputate nisl. Nunc varius mollis enim, euismod posuere quam malesuada at. ', 13),
(52, 4, 'Calventino Green', '52.jpg', 470000, 'Lorem ipsum dolor sit amet, consectetur adipiscing elit. Praesent elit lorem, scelerisque sed sapien non, vestibulum venenatis nisi. Nullam in arcu eleifend nunc volutpat venenatis a sed massa. Nullam eget congue eros. Donec tincidunt dui arcu. Aliquam erat volutpat.<br/>Vivamus ullamcorper massa facilisis orci sodales imperdiet. Suspendisse aliquet sodales eros, sit amet tincidunt eros pulvinar et. Etiam id nibh enim. Nullam turpis enim, lacinia a dictum vitae, posuere non risus. Maecenas interdum augue eget nisl consectetur, in rhoncus ligula eleifend.<br/>Nullam non ligula consequat, consequat dolor et, vulputate nisl. Nunc varius mollis enim, euismod posuere quam malesuada at. ', 21),
(53, 4, 'Valentino Brown', '53.jpg', 520000, 'Lorem ipsum dolor sit amet, consectetur adipiscing elit. Praesent elit lorem, scelerisque sed sapien non, vestibulum venenatis nisi. Nullam in arcu eleifend nunc volutpat venenatis a sed massa. Nullam eget congue eros. Donec tincidunt dui arcu. Aliquam erat volutpat.<br/>Vivamus ullamcorper massa facilisis orci sodales imperdiet. Suspendisse aliquet sodales eros, sit amet tincidunt eros pulvinar et. Etiam id nibh enim. Nullam turpis enim, lacinia a dictum vitae, posuere non risus. Maecenas interdum augue eget nisl consectetur, in rhoncus ligula eleifend.<br/>Nullam non ligula consequat, consequat dolor et, vulputate nisl. Nunc varius mollis enim, euismod posuere quam malesuada at. ', 19),
(54, 4, 'Pointy Toed', '54.jpg', 480000, 'Lorem ipsum dolor sit amet, consectetur adipiscing elit. Praesent elit lorem, scelerisque sed sapien non, vestibulum venenatis nisi. Nullam in arcu eleifend nunc volutpat venenatis a sed massa. Nullam eget congue eros. Donec tincidunt dui arcu. Aliquam erat volutpat.<br/>Vivamus ullamcorper massa facilisis orci sodales imperdiet. Suspendisse aliquet sodales eros, sit amet tincidunt eros pulvinar et. Etiam id nibh enim. Nullam turpis enim, lacinia a dictum vitae, posuere non risus. Maecenas interdum augue eget nisl consectetur, in rhoncus ligula eleifend.<br/>Nullam non ligula consequat, consequat dolor et, vulputate nisl. Nunc varius mollis enim, euismod posuere quam malesuada at. ', 29),
(55, 4, 'Bally Light Brown', '55.jpg', 450000, 'Lorem ipsum dolor sit amet, consectetur adipiscing elit. Praesent elit lorem, scelerisque sed sapien non, vestibulum venenatis nisi. Nullam in arcu eleifend nunc volutpat venenatis a sed massa. Nullam eget congue eros. Donec tincidunt dui arcu. Aliquam erat volutpat.<br/>Vivamus ullamcorper massa facilisis orci sodales imperdiet. Suspendisse aliquet sodales eros, sit amet tincidunt eros pulvinar et. Etiam id nibh enim. Nullam turpis enim, lacinia a dictum vitae, posuere non risus. Maecenas interdum augue eget nisl consectetur, in rhoncus ligula eleifend.<br/>Nullam non ligula consequat, consequat dolor et, vulputate nisl. Nunc varius mollis enim, euismod posuere quam malesuada at. ', 9),
(56, 4, 'Cerase Paciotti Brown', '56.jpg', 500000, 'Lorem ipsum dolor sit amet, consectetur adipiscing elit. Praesent elit lorem, scelerisque sed sapien non, vestibulum venenatis nisi. Nullam in arcu eleifend nunc volutpat venenatis a sed massa. Nullam eget congue eros. Donec tincidunt dui arcu. Aliquam erat volutpat.<br/>Vivamus ullamcorper massa facilisis orci sodales imperdiet. Suspendisse aliquet sodales eros, sit amet tincidunt eros pulvinar et. Etiam id nibh enim. Nullam turpis enim, lacinia a dictum vitae, posuere non risus. Maecenas interdum augue eget nisl consectetur, in rhoncus ligula eleifend.<br/>Nullam non ligula consequat, consequat dolor et, vulputate nisl. Nunc varius mollis enim, euismod posuere quam malesuada at. ', 2),
(57, 4, 'Traveller Cream', '57.jpg', 920000, 'Lorem ipsum dolor sit amet, consectetur adipiscing elit. Praesent elit lorem, scelerisque sed sapien non, vestibulum venenatis nisi. Nullam in arcu eleifend nunc volutpat venenatis a sed massa. Nullam eget congue eros. Donec tincidunt dui arcu. Aliquam erat volutpat.<br/>Vivamus ullamcorper massa facilisis orci sodales imperdiet. Suspendisse aliquet sodales eros, sit amet tincidunt eros pulvinar et. Etiam id nibh enim. Nullam turpis enim, lacinia a dictum vitae, posuere non risus. Maecenas interdum augue eget nisl consectetur, in rhoncus ligula eleifend.<br/>Nullam non ligula consequat, consequat dolor et, vulputate nisl. Nunc varius mollis enim, euismod posuere quam malesuada at. ', 29),
(58, 4, 'Nicole Brown', '58.jpg', 680000, 'Lorem ipsum dolor sit amet, consectetur adipiscing elit. Praesent elit lorem, scelerisque sed sapien non, vestibulum venenatis nisi. Nullam in arcu eleifend nunc volutpat venenatis a sed massa. Nullam eget congue eros. Donec tincidunt dui arcu. Aliquam erat volutpat.<br/>Vivamus ullamcorper massa facilisis orci sodales imperdiet. Suspendisse aliquet sodales eros, sit amet tincidunt eros pulvinar et. Etiam id nibh enim. Nullam turpis enim, lacinia a dictum vitae, posuere non risus. Maecenas interdum augue eget nisl consectetur, in rhoncus ligula eleifend.<br/>Nullam non ligula consequat, consequat dolor et, vulputate nisl. Nunc varius mollis enim, euismod posuere quam malesuada at. ', 32),
(59, 4, 'Painted Cream', '59.jpg', 580000, 'Lorem ipsum dolor sit amet, consectetur adipiscing elit. Praesent elit lorem, scelerisque sed sapien non, vestibulum venenatis nisi. Nullam in arcu eleifend nunc volutpat venenatis a sed massa. Nullam eget congue eros. Donec tincidunt dui arcu. Aliquam erat volutpat.<br/>Vivamus ullamcorper massa facilisis orci sodales imperdiet. Suspendisse aliquet sodales eros, sit amet tincidunt eros pulvinar et. Etiam id nibh enim. Nullam turpis enim, lacinia a dictum vitae, posuere non risus. Maecenas interdum augue eget nisl consectetur, in rhoncus ligula eleifend.<br/>Nullam non ligula consequat, consequat dolor et, vulputate nisl. Nunc varius mollis enim, euismod posuere quam malesuada at. ', 21),
(60, 4, 'Joe Salvy Orange', '60.jpg', 750000, 'Lorem ipsum dolor sit amet, consectetur adipiscing elit. Praesent elit lorem, scelerisque sed sapien non, vestibulum venenatis nisi. Nullam in arcu eleifend nunc volutpat venenatis a sed massa. Nullam eget congue eros. Donec tincidunt dui arcu. Aliquam erat volutpat.<br/>Vivamus ullamcorper massa facilisis orci sodales imperdiet. Suspendisse aliquet sodales eros, sit amet tincidunt eros pulvinar et. Etiam id nibh enim. Nullam turpis enim, lacinia a dictum vitae, posuere non risus. Maecenas interdum augue eget nisl consectetur, in rhoncus ligula eleifend.<br/>Nullam non ligula consequat, consequat dolor et, vulputate nisl. Nunc varius mollis enim, euismod posuere quam malesuada at. ', 49),
(61, 5, 'Alpine', '61.jpg', 100000, 'Lorem ipsum dolor sit amet, consectetur adipiscing elit. Praesent elit lorem, scelerisque sed sapien non, vestibulum venenatis nisi. Nullam in arcu eleifend nunc volutpat venenatis a sed massa. Nullam eget congue eros. Donec tincidunt dui arcu. Aliquam erat volutpat.<br/>Vivamus ullamcorper massa facilisis orci sodales imperdiet. Suspendisse aliquet sodales eros, sit amet tincidunt eros pulvinar et. Etiam id nibh enim. Nullam turpis enim, lacinia a dictum vitae, posuere non risus. Maecenas interdum augue eget nisl consectetur, in rhoncus ligula eleifend.<br/>Nullam non ligula consequat, consequat dolor et, vulputate nisl. Nunc varius mollis enim, euismod posuere quam malesuada at. ', 20),
(62, 5, 'Annie Hall', '62.jpg', 120000, 'Lorem ipsum dolor sit amet, consectetur adipiscing elit. Praesent elit lorem, scelerisque sed sapien non, vestibulum venenatis nisi. Nullam in arcu eleifend nunc volutpat venenatis a sed massa. Nullam eget congue eros. Donec tincidunt dui arcu. Aliquam erat volutpat.<br/>Vivamus ullamcorper massa facilisis orci sodales imperdiet. Suspendisse aliquet sodales eros, sit amet tincidunt eros pulvinar et. Etiam id nibh enim. Nullam turpis enim, lacinia a dictum vitae, posuere non risus. Maecenas interdum augue eget nisl consectetur, in rhoncus ligula eleifend.<br/>Nullam non ligula consequat, consequat dolor et, vulputate nisl. Nunc varius mollis enim, euismod posuere quam malesuada at. ', 15),
(63, 5, 'Arctic Cap', '63.jpg', 80000, 'Lorem ipsum dolor sit amet, consectetur adipiscing elit. Praesent elit lorem, scelerisque sed sapien non, vestibulum venenatis nisi. Nullam in arcu eleifend nunc volutpat venenatis a sed massa. Nullam eget congue eros. Donec tincidunt dui arcu. Aliquam erat volutpat.<br/>Vivamus ullamcorper massa facilisis orci sodales imperdiet. Suspendisse aliquet sodales eros, sit amet tincidunt eros pulvinar et. Etiam id nibh enim. Nullam turpis enim, lacinia a dictum vitae, posuere non risus. Maecenas interdum augue eget nisl consectetur, in rhoncus ligula eleifend.<br/>Nullam non ligula consequat, consequat dolor et, vulputate nisl. Nunc varius mollis enim, euismod posuere quam malesuada at. ', 28),
(64, 5, 'Atef', '64.jpg', 140000, 'Lorem ipsum dolor sit amet, consectetur adipiscing elit. Praesent elit lorem, scelerisque sed sapien non, vestibulum venenatis nisi. Nullam in arcu eleifend nunc volutpat venenatis a sed massa. Nullam eget congue eros. Donec tincidunt dui arcu. Aliquam erat volutpat.<br/>Vivamus ullamcorper massa facilisis orci sodales imperdiet. Suspendisse aliquet sodales eros, sit amet tincidunt eros pulvinar et. Etiam id nibh enim. Nullam turpis enim, lacinia a dictum vitae, posuere non risus. Maecenas interdum augue eget nisl consectetur, in rhoncus ligula eleifend.<br/>Nullam non ligula consequat, consequat dolor et, vulputate nisl. Nunc varius mollis enim, euismod posuere quam malesuada at. ', 34),
(65, 5, 'Baby Stuart Cap', '65.jpg', 75000, 'Lorem ipsum dolor sit amet, consectetur adipiscing elit. Praesent elit lorem, scelerisque sed sapien non, vestibulum venenatis nisi. Nullam in arcu eleifend nunc volutpat venenatis a sed massa. Nullam eget congue eros. Donec tincidunt dui arcu. Aliquam erat volutpat.<br/>Vivamus ullamcorper massa facilisis orci sodales imperdiet. Suspendisse aliquet sodales eros, sit amet tincidunt eros pulvinar et. Etiam id nibh enim. Nullam turpis enim, lacinia a dictum vitae, posuere non risus. Maecenas interdum augue eget nisl consectetur, in rhoncus ligula eleifend.<br/>Nullam non ligula consequat, consequat dolor et, vulputate nisl. Nunc varius mollis enim, euismod posuere quam malesuada at. ', 21),
(66, 5, 'Baigneuse', '66.jpg', 120000, 'Lorem ipsum dolor sit amet, consectetur adipiscing elit. Praesent elit lorem, scelerisque sed sapien non, vestibulum venenatis nisi. Nullam in arcu eleifend nunc volutpat venenatis a sed massa. Nullam eget congue eros. Donec tincidunt dui arcu. Aliquam erat volutpat.<br/>Vivamus ullamcorper massa facilisis orci sodales imperdiet. Suspendisse aliquet sodales eros, sit amet tincidunt eros pulvinar et. Etiam id nibh enim. Nullam turpis enim, lacinia a dictum vitae, posuere non risus. Maecenas interdum augue eget nisl consectetur, in rhoncus ligula eleifend.<br/>Nullam non ligula consequat, consequat dolor et, vulputate nisl. Nunc varius mollis enim, euismod posuere quam malesuada at. ', 45),
(67, 5, 'Cartwheel', '67.jpg', 110000, 'Lorem ipsum dolor sit amet, consectetur adipiscing elit. Praesent elit lorem, scelerisque sed sapien non, vestibulum venenatis nisi. Nullam in arcu eleifend nunc volutpat venenatis a sed massa. Nullam eget congue eros. Donec tincidunt dui arcu. Aliquam erat volutpat.<br/>Vivamus ullamcorper massa facilisis orci sodales imperdiet. Suspendisse aliquet sodales eros, sit amet tincidunt eros pulvinar et. Etiam id nibh enim. Nullam turpis enim, lacinia a dictum vitae, posuere non risus. Maecenas interdum augue eget nisl consectetur, in rhoncus ligula eleifend.<br/>Nullam non ligula consequat, consequat dolor et, vulputate nisl. Nunc varius mollis enim, euismod posuere quam malesuada at. ', 6),
(68, 5, 'Casque', '68.jpg', 89000, 'Lorem ipsum dolor sit amet, consectetur adipiscing elit. Praesent elit lorem, scelerisque sed sapien non, vestibulum venenatis nisi. Nullam in arcu eleifend nunc volutpat venenatis a sed massa. Nullam eget congue eros. Donec tincidunt dui arcu. Aliquam erat volutpat.<br/>Vivamus ullamcorper massa facilisis orci sodales imperdiet. Suspendisse aliquet sodales eros, sit amet tincidunt eros pulvinar et. Etiam id nibh enim. Nullam turpis enim, lacinia a dictum vitae, posuere non risus. Maecenas interdum augue eget nisl consectetur, in rhoncus ligula eleifend.<br/>Nullam non ligula consequat, consequat dolor et, vulputate nisl. Nunc varius mollis enim, euismod posuere quam malesuada at. ', 23);
INSERT INTO `barang` (`id`, `id_kategori`, `nama_barang`, `gambar`, `harga_barang`, `keterangan`, `jumlah_barang`) VALUES
(69, 5, 'Cardinals Hat', '69.jpg', 75000, 'Lorem ipsum dolor sit amet, consectetur adipiscing elit. Praesent elit lorem, scelerisque sed sapien non, vestibulum venenatis nisi. Nullam in arcu eleifend nunc volutpat venenatis a sed massa. Nullam eget congue eros. Donec tincidunt dui arcu. Aliquam erat volutpat.<br/>Vivamus ullamcorper massa facilisis orci sodales imperdiet. Suspendisse aliquet sodales eros, sit amet tincidunt eros pulvinar et. Etiam id nibh enim. Nullam turpis enim, lacinia a dictum vitae, posuere non risus. Maecenas interdum augue eget nisl consectetur, in rhoncus ligula eleifend.<br/>Nullam non ligula consequat, consequat dolor et, vulputate nisl. Nunc varius mollis enim, euismod posuere quam malesuada at. ', 12),
(70, 5, 'Carter Cap', '70.jpg', 60000, 'Lorem ipsum dolor sit amet, consectetur adipiscing elit. Praesent elit lorem, scelerisque sed sapien non, vestibulum venenatis nisi. Nullam in arcu eleifend nunc volutpat venenatis a sed massa. Nullam eget congue eros. Donec tincidunt dui arcu. Aliquam erat volutpat.<br/>Vivamus ullamcorper massa facilisis orci sodales imperdiet. Suspendisse aliquet sodales eros, sit amet tincidunt eros pulvinar et. Etiam id nibh enim. Nullam turpis enim, lacinia a dictum vitae, posuere non risus. Maecenas interdum augue eget nisl consectetur, in rhoncus ligula eleifend.<br/>Nullam non ligula consequat, consequat dolor et, vulputate nisl. Nunc varius mollis enim, euismod posuere quam malesuada at. ', 56),
(71, 5, 'Dormeuse', '71.jpg', 100000, 'Lorem ipsum dolor sit amet, consectetur adipiscing elit. Praesent elit lorem, scelerisque sed sapien non, vestibulum venenatis nisi. Nullam in arcu eleifend nunc volutpat venenatis a sed massa. Nullam eget congue eros. Donec tincidunt dui arcu. Aliquam erat volutpat.<br/>Vivamus ullamcorper massa facilisis orci sodales imperdiet. Suspendisse aliquet sodales eros, sit amet tincidunt eros pulvinar et. Etiam id nibh enim. Nullam turpis enim, lacinia a dictum vitae, posuere non risus. Maecenas interdum augue eget nisl consectetur, in rhoncus ligula eleifend.<br/>Nullam non ligula consequat, consequat dolor et, vulputate nisl. Nunc varius mollis enim, euismod posuere quam malesuada at. ', 21);

-- --------------------------------------------------------

--
-- Table structure for table `barang_user`
--

CREATE TABLE IF NOT EXISTS `barang_user` (
  `id` int(11) NOT NULL AUTO_INCREMENT,
  `id_barang` int(11) NOT NULL,
  `id_user` int(11) NOT NULL,
  `status` int(11) NOT NULL,
  `jumlah_barang` int(11) NOT NULL,
  `deskripsi_tambahan` varchar(100) NOT NULL,
  PRIMARY KEY (`id`)
) ENGINE=InnoDB  DEFAULT CHARSET=latin1 AUTO_INCREMENT=23 ;

--
-- Dumping data for table `barang_user`
--

INSERT INTO `barang_user` (`id`, `id_barang`, `id_user`, `status`, `jumlah_barang`, `deskripsi_tambahan`) VALUES
(2, 2, 5, 1, 2, 'hehe'),
(4, 1, 5, 1, 3, ''),
(6, 3, 5, 1, 1, ''),
(7, 4, 6, 1, 2, ''),
(8, 4, 5, 1, 3, ''),
(12, 4, 5, 1, 1, 'hehe'),
(13, 4, 5, 1, 1, ''),
(16, 4, 6, 1, 1, ''),
(17, 1, 6, 1, 1, ''),
(18, 5, 6, 1, 2, ''),
(19, 1, 7, 0, 1, 'hahahahihihi'),
(20, 1, 6, 1, 1, ''),
(21, 5, 6, 1, 1, ''),
(22, 5, 6, 1, 1, '');

-- --------------------------------------------------------

--
-- Table structure for table `kategori`
--

CREATE TABLE IF NOT EXISTS `kategori` (
  `id` int(11) NOT NULL AUTO_INCREMENT,
  `nama` varchar(100) NOT NULL,
  PRIMARY KEY (`id`)
) ENGINE=InnoDB  DEFAULT CHARSET=latin1 AUTO_INCREMENT=6 ;

--
-- Dumping data for table `kategori`
--

INSERT INTO `kategori` (`id`, `nama`) VALUES
(1, 'Ladies Dress'),
(2, 'Ladies Shoes'),
(3, 'Men Shirt'),
(4, 'Men Shoes'),
(5, 'Men Hat');

-- --------------------------------------------------------

--
-- Table structure for table `user`
--

CREATE TABLE IF NOT EXISTS `user` (
  `id` int(11) NOT NULL AUTO_INCREMENT,
  `username` varchar(20) NOT NULL,
  `password` varchar(100) NOT NULL,
  `handphone` varchar(20) NOT NULL,
  `alamat` varchar(200) NOT NULL,
  `provinsi` varchar(50) NOT NULL,
  `kota` varchar(50) NOT NULL,
  `kodepos` varchar(20) NOT NULL,
  `email` varchar(200) NOT NULL,
  `role` int(11) NOT NULL DEFAULT '0',
  `nama` varchar(100) NOT NULL,
  `nomor_kartu` varchar(30) DEFAULT NULL,
  `nama_kartu` varchar(50) DEFAULT NULL,
  `expire_kartu` date DEFAULT NULL,
  `transaksi` int(11) NOT NULL DEFAULT '0',
  PRIMARY KEY (`id`),
  UNIQUE KEY `username` (`username`),
  UNIQUE KEY `email` (`email`),
  UNIQUE KEY `nomor_kartu` (`nomor_kartu`,`nama_kartu`)
) ENGINE=InnoDB  DEFAULT CHARSET=latin1 AUTO_INCREMENT=9 ;

--
-- Dumping data for table `user`
--

INSERT INTO `user` (`id`, `username`, `password`, `handphone`, `alamat`, `provinsi`, `kota`, `kodepos`, `email`, `role`, `nama`, `nomor_kartu`, `nama_kartu`, `expire_kartu`, `transaksi`) VALUES
(1, 'jamesjaya', 'testestes', '', '', '', '', '', '', 0, '', NULL, NULL, NULL, 0),
(2, 'pakbos', 'pakbos', '4611941', 'pakbos', 'bos', 'bos', '123', 'pakbos@pakbos.com', 0, 'Pak Bos', NULL, NULL, NULL, 0),
(4, 'pakbos2', 'pakbos', '123', 'pakbos', 'pakbos', 'pakbos', 'pakbos', 'pakbos', 0, 'pakbos', NULL, NULL, NULL, 0),
(5, 'pika', 'pika', 'pika', 'pika', 'pika', 'pika', 'pika', 'pika', 0, 'pika', '12345678', 'Pikachu', '2013-11-30', 0),
(6, 'lika', 'lika', 'lika', 'lika', 'lika', 'lika', 'lika', 'lika', 1, 'lika', '123456', '12345678', '2013-11-30', 2),
(7, 'freedomofkeima', '12345678', '085697681829', 'Jl. Tubagus VI No. 33', 'Jawa Barat', 'Sekeloa', '40314', 'freedom_holicx@yahoo.com', 0, 'Iskandar Setiadi', NULL, NULL, NULL, 0),
(8, 'pikachu', 'pikachu12', 'Pikachu', 'Jl. Pikachu', 'Jakarta', 'Pikachu', 'Pikachu', 'pikachu@pikachu.com', 0, 'Pikachu Pika', NULL, NULL, NULL, 0);

/*!40101 SET CHARACTER_SET_CLIENT=@OLD_CHARACTER_SET_CLIENT */;
/*!40101 SET CHARACTER_SET_RESULTS=@OLD_CHARACTER_SET_RESULTS */;
/*!40101 SET COLLATION_CONNECTION=@OLD_COLLATION_CONNECTION */;
